benchmark,model_name,precision_20,recall_20,precision_40,recall_40
ucf_18v1,v7.3.1,0.5103294440298386,0.5951104535089509,0.5241506962420824,0.6126702126835392
ucf_18v1,v7.3.2,0.5103095326902976,0.5985271871920123,0.5221742926768638,0.6125276308149411
ucf_18v1,v7.3.3,0.552700922836221,0.503937354086197,0.5654412687002408,0.513606131459884
ucf_18v1,v7.3.4,0.5193730641246487,0.5825600496436677,0.5326863921047477,0.5963827738268552
ucf_18v1,v7.3.5,0.5453507551219378,0.578653514701824,0.5586408738782207,0.5928293854873199
